[{"line":2,"elements":[{"line":5,"name":"","description":"","type":"background","keyword":"Background","steps":[{"name":"configure pauseIfNotPerf = { enabled: true, interval: 8000, threshold: 12000 }","result":{"duration":55854901,"status":"passed"},"match":{"location":"karate","arguments":[]},"keyword":"*","line":6},{"name":"def pauseIfNotPerf = function(time) { if (!isPerformanceTesting) karate.pause(time * 1000); }","result":{"duration":6778101,"status":"passed"},"match":{"location":"karate","arguments":[]},"keyword":"*","line":7},{"name":"headers {Content-Type : 'application\/xml',Accept: 'application\/xml'}","result":{"duration":849301,"status":"passed"},"match":{"location":"karate","arguments":[]},"keyword":"*","line":8},{"name":"def payload = read('XMLRepo\/Payload.xml')","result":{"duration":29431600,"status":"passed"},"match":{"location":"karate","arguments":[]},"keyword":"*","line":9},{"name":"url testEndPoint","result":{"duration":1381700,"status":"passed"},"match":{"location":"karate","arguments":[]},"keyword":"*","line":10}]},{"start_timestamp":"2024-07-03T13:08:00.332Z","line":23,"name":"Take value from simulator and complete the course","description":"","id":"take-value-from-simulator-and-complete-the-course","type":"scenario","keyword":"Scenario Outline","steps":[{"name":"path '\/op_lis_endpoint'","result":{"duration":417800,"status":"passed"},"match":{"location":"karate","arguments":[]},"keyword":"Given","line":14},{"name":"def payload = read('XMLRepo\/Payload.xml')","result":{"duration":4846300,"status":"passed"},"match":{"location":"karate","arguments":[]},"keyword":"*","line":15},{"name":"set payload \/imsx_POXEnvelopeRequest\/imsx_POXBody\/replaceResultRequest\/resultRecord\/sourcedGUID\/sourcedId = SourceId","result":{"duration":45544900,"status":"passed"},"match":{"location":"karate","arguments":[]},"keyword":"*","line":16},{"name":"print payload","result":{"duration":68431399,"status":"passed"},"match":{"location":"karate","arguments":[]},"keyword":"And","line":17,"doc_string":{"content_type":"","value":"18:38:00.454 [print] <imsx_POXEnvelopeRequest xmlns=\"http:\/\/www.imsglobal.org\/services\/ltiv1p1\/xsd\/imsoms_v1p0\">\r\n  <imsx_POXHeader>\r\n    <imsx_POXRequestHeaderInfo>\r\n      <imsx_version>V1.0<\/imsx_version>\r\n      <imsx_messageIdentifier>5eb98ff010e35<\/imsx_messageIdentifier>\r\n    <\/imsx_POXRequestHeaderInfo>\r\n  <\/imsx_POXHeader>\r\n  <imsx_POXBody>\r\n    <replaceResultRequest>\r\n      <resultRecord>\r\n        <sourcedGUID>\r\n          <sourcedId>7797FF81-FB31-EF11-86C3-6045BD36C0E1|precourse-self-assessment|1717200000000|253402300738999<\/sourcedId>\r\n        <\/sourcedGUID>\r\n        <result>\r\n          <resultScore>\r\n            <language>en-US<\/language>\r\n            <textString>1<\/textString>\r\n          <\/resultScore>\r\n        <\/result>\r\n      <\/resultRecord>\r\n    <\/replaceResultRequest>\r\n  <\/imsx_POXBody>\r\n<\/imsx_POXEnvelopeRequest>\r\n \n","line":17}},{"name":"request payload","result":{"duration":536800,"status":"passed"},"match":{"location":"karate","arguments":[]},"keyword":"And","line":18},{"name":"method POST","result":{"duration":7321656300,"status":"passed"},"match":{"location":"karate","arguments":[]},"keyword":"When","line":19,"doc_string":{"content_type":"","value":"18:38:00.797 request:\n1 > POST https:\/\/cs3n-test.contentservice.net\/op_lis_endpoint\n1 > Content-Type: application\/xml; charset=UTF-8\n1 > Accept: application\/xml\n1 > Content-Length: 641\n1 > Host: cs3n-test.contentservice.net\n1 > Connection: Keep-Alive\n1 > User-Agent: Apache-HttpClient\/4.5.13 (Java\/21.0.2)\n1 > Accept-Encoding: gzip,deflate\n<imsx_POXEnvelopeRequest xmlns=\"http:\/\/www.imsglobal.org\/services\/ltiv1p1\/xsd\/imsoms_v1p0\"><imsx_POXHeader><imsx_POXRequestHeaderInfo><imsx_version>V1.0<\/imsx_version><imsx_messageIdentifier>5eb98ff010e35<\/imsx_messageIdentifier><\/imsx_POXRequestHeaderInfo><\/imsx_POXHeader><imsx_POXBody><replaceResultRequest><resultRecord><sourcedGUID><sourcedId>7797FF81-FB31-EF11-86C3-6045BD36C0E1|precourse-self-assessment|1717200000000|253402300738999<\/sourcedId><\/sourcedGUID><result><resultScore><language>en-US<\/language><textString>1<\/textString><\/resultScore><\/result><\/resultRecord><\/replaceResultRequest><\/imsx_POXBody><\/imsx_POXEnvelopeRequest>\n\n18:38:07.777 response time in milliseconds: 6978\n1 < 200\n1 < Date: Wed, 03 Jul 2024 13:08:07 GMT\n1 < Content-Length: 896\n1 < Connection: keep-alive\n1 < X-Request-Id: 2daeb2e930f77b9ef8ca217595e26d7d\n1 < Cache-Control: private, no-cache, no-store, must-revalidate\n1 < Expires: -1\n1 < Pragma: no-cache\n1 < X-Content-Type-Options: nosniff\n1 < X-XSS-Protection: 1\n1 < Origin-Agent-Cluster: ?0\n1 < Cross-Origin-Opener-Policy: *\n1 < Strict-Transport-Security: max-age=31536000; includeSubDomains\n\n\n","line":19}},{"name":"status 200","result":{"duration":3498601,"status":"passed"},"match":{"location":"karate","arguments":[]},"keyword":"Then","line":20},{"name":"print response","result":{"duration":3468599,"status":"passed"},"match":{"location":"karate","arguments":[]},"keyword":"Then","line":21,"doc_string":{"content_type":"","value":"18:38:07.787 [print] <imsx_POXEnvelopeResponse xmlns=\"http:\/\/www.imsglobal.org\/services\/ltiv1p1\/xsd\/imsoms_v1p0\">\r\n  <imsx_POXHeader>\r\n    <imsx_POXResponseHeaderInfo>\r\n      <imsx_version>V1.0<\/imsx_version>\r\n      <imsx_messageIdentifier>5eb98ff010e35<\/imsx_messageIdentifier>\r\n      <imsx_statusInfo>\r\n        <imsx_codeMajor>success<\/imsx_codeMajor>\r\n        <imsx_severity>status<\/imsx_severity>\r\n        ';\r\n        <imsx_description\/>\r\n        <imsx_messageRefIdentifier\/>\r\n      <\/imsx_statusInfo>\r\n    <\/imsx_POXResponseHeaderInfo>\r\n  <\/imsx_POXHeader>\r\n  <imsx_POXBody>\r\n    <replaceResultResponse\/>\r\n  <\/imsx_POXBody>\r\n<\/imsx_POXEnvelopeResponse>\r\n \n","line":21}}],"tags":[{"name":"@dynamicidOutline","line":12},{"name":"@dynamicSoureCourseCompletion1","line":1}]},{"line":5,"name":"","description":"","type":"background","keyword":"Background","steps":[{"name":"configure pauseIfNotPerf = { enabled: true, interval: 8000, threshold: 12000 }","result":{"duration":55854901,"status":"passed"},"match":{"location":"karate","arguments":[]},"keyword":"*","line":6},{"name":"def pauseIfNotPerf = function(time) { if (!isPerformanceTesting) karate.pause(time * 1000); }","result":{"duration":6778101,"status":"passed"},"match":{"location":"karate","arguments":[]},"keyword":"*","line":7},{"name":"headers {Content-Type : 'application\/xml',Accept: 'application\/xml'}","result":{"duration":849301,"status":"passed"},"match":{"location":"karate","arguments":[]},"keyword":"*","line":8},{"name":"def payload = read('XMLRepo\/Payload.xml')","result":{"duration":29431600,"status":"passed"},"match":{"location":"karate","arguments":[]},"keyword":"*","line":9},{"name":"url testEndPoint","result":{"duration":1381700,"status":"passed"},"match":{"location":"karate","arguments":[]},"keyword":"*","line":10}]},{"start_timestamp":"2024-07-03T13:08:00.330Z","line":23,"name":"Take value from simulator and complete the course","description":"","id":"take-value-from-simulator-and-complete-the-course","type":"scenario","keyword":"Scenario Outline","steps":[{"name":"path '\/op_lis_endpoint'","result":{"duration":622400,"status":"passed"},"match":{"location":"karate","arguments":[]},"keyword":"Given","line":14},{"name":"def payload = read('XMLRepo\/Payload.xml')","result":{"duration":5231199,"status":"passed"},"match":{"location":"karate","arguments":[]},"keyword":"*","line":15},{"name":"set payload \/imsx_POXEnvelopeRequest\/imsx_POXBody\/replaceResultRequest\/resultRecord\/sourcedGUID\/sourcedId = SourceId","result":{"duration":45457300,"status":"passed"},"match":{"location":"karate","arguments":[]},"keyword":"*","line":16},{"name":"print payload","result":{"duration":68431399,"status":"passed"},"match":{"location":"karate","arguments":[]},"keyword":"And","line":17,"doc_string":{"content_type":"","value":"18:38:00.454 [print] <imsx_POXEnvelopeRequest xmlns=\"http:\/\/www.imsglobal.org\/services\/ltiv1p1\/xsd\/imsoms_v1p0\">\r\n  <imsx_POXHeader>\r\n    <imsx_POXRequestHeaderInfo>\r\n      <imsx_version>V1.0<\/imsx_version>\r\n      <imsx_messageIdentifier>5eb98ff010e35<\/imsx_messageIdentifier>\r\n    <\/imsx_POXRequestHeaderInfo>\r\n  <\/imsx_POXHeader>\r\n  <imsx_POXBody>\r\n    <replaceResultRequest>\r\n      <resultRecord>\r\n        <sourcedGUID>\r\n          <sourcedId>1AF21DB8-FB31-EF11-86C3-6045BD36C0E1|precourse-self-assessment|1717200000000|253402300738999<\/sourcedId>\r\n        <\/sourcedGUID>\r\n        <result>\r\n          <resultScore>\r\n            <language>en-US<\/language>\r\n            <textString>1<\/textString>\r\n          <\/resultScore>\r\n        <\/result>\r\n      <\/resultRecord>\r\n    <\/replaceResultRequest>\r\n  <\/imsx_POXBody>\r\n<\/imsx_POXEnvelopeRequest>\r\n \n","line":17}},{"name":"request payload","result":{"duration":548300,"status":"passed"},"match":{"location":"karate","arguments":[]},"keyword":"And","line":18},{"name":"method POST","result":{"duration":7528906699,"status":"passed"},"match":{"location":"karate","arguments":[]},"keyword":"When","line":19,"doc_string":{"content_type":"","value":"18:38:00.797 request:\n1 > POST https:\/\/cs3n-test.contentservice.net\/op_lis_endpoint\n1 > Content-Type: application\/xml; charset=UTF-8\n1 > Accept: application\/xml\n1 > Content-Length: 641\n1 > Host: cs3n-test.contentservice.net\n1 > Connection: Keep-Alive\n1 > User-Agent: Apache-HttpClient\/4.5.13 (Java\/21.0.2)\n1 > Accept-Encoding: gzip,deflate\n<imsx_POXEnvelopeRequest xmlns=\"http:\/\/www.imsglobal.org\/services\/ltiv1p1\/xsd\/imsoms_v1p0\"><imsx_POXHeader><imsx_POXRequestHeaderInfo><imsx_version>V1.0<\/imsx_version><imsx_messageIdentifier>5eb98ff010e35<\/imsx_messageIdentifier><\/imsx_POXRequestHeaderInfo><\/imsx_POXHeader><imsx_POXBody><replaceResultRequest><resultRecord><sourcedGUID><sourcedId>1AF21DB8-FB31-EF11-86C3-6045BD36C0E1|precourse-self-assessment|1717200000000|253402300738999<\/sourcedId><\/sourcedGUID><result><resultScore><language>en-US<\/language><textString>1<\/textString><\/resultScore><\/result><\/resultRecord><\/replaceResultRequest><\/imsx_POXBody><\/imsx_POXEnvelopeRequest>\n\n18:38:07.985 response time in milliseconds: 7188\n1 < 200\n1 < Date: Wed, 03 Jul 2024 13:08:07 GMT\n1 < Content-Length: 896\n1 < Connection: keep-alive\n1 < X-Request-Id: c2aef4ab77d76768cc88e8239fcbf43e\n1 < Cache-Control: private, no-cache, no-store, must-revalidate\n1 < Expires: -1\n1 < Pragma: no-cache\n1 < X-Content-Type-Options: nosniff\n1 < X-XSS-Protection: 1\n1 < Origin-Agent-Cluster: ?0\n1 < Cross-Origin-Opener-Policy: *\n1 < Strict-Transport-Security: max-age=31536000; includeSubDomains\n\n\n","line":19}},{"name":"status 200","result":{"duration":13201,"status":"passed"},"match":{"location":"karate","arguments":[]},"keyword":"Then","line":20},{"name":"print response","result":{"duration":2314899,"status":"passed"},"match":{"location":"karate","arguments":[]},"keyword":"Then","line":21,"doc_string":{"content_type":"","value":"18:38:07.990 [print] <imsx_POXEnvelopeResponse xmlns=\"http:\/\/www.imsglobal.org\/services\/ltiv1p1\/xsd\/imsoms_v1p0\">\r\n  <imsx_POXHeader>\r\n    <imsx_POXResponseHeaderInfo>\r\n      <imsx_version>V1.0<\/imsx_version>\r\n      <imsx_messageIdentifier>5eb98ff010e35<\/imsx_messageIdentifier>\r\n      <imsx_statusInfo>\r\n        <imsx_codeMajor>success<\/imsx_codeMajor>\r\n        <imsx_severity>status<\/imsx_severity>\r\n        ';\r\n        <imsx_description\/>\r\n        <imsx_messageRefIdentifier\/>\r\n      <\/imsx_statusInfo>\r\n    <\/imsx_POXResponseHeaderInfo>\r\n  <\/imsx_POXHeader>\r\n  <imsx_POXBody>\r\n    <replaceResultResponse\/>\r\n  <\/imsx_POXBody>\r\n<\/imsx_POXEnvelopeResponse>\r\n \n","line":21}}],"tags":[{"name":"@dynamicidOutline","line":12},{"name":"@dynamicSoureCourseCompletion1","line":1}]},{"line":5,"name":"","description":"","type":"background","keyword":"Background","steps":[{"name":"configure pauseIfNotPerf = { enabled: true, interval: 8000, threshold: 12000 }","result":{"duration":55854901,"status":"passed"},"match":{"location":"karate","arguments":[]},"keyword":"*","line":6},{"name":"def pauseIfNotPerf = function(time) { if (!isPerformanceTesting) karate.pause(time * 1000); }","result":{"duration":6778101,"status":"passed"},"match":{"location":"karate","arguments":[]},"keyword":"*","line":7},{"name":"headers {Content-Type : 'application\/xml',Accept: 'application\/xml'}","result":{"duration":849301,"status":"passed"},"match":{"location":"karate","arguments":[]},"keyword":"*","line":8},{"name":"def payload = read('XMLRepo\/Payload.xml')","result":{"duration":29431600,"status":"passed"},"match":{"location":"karate","arguments":[]},"keyword":"*","line":9},{"name":"url testEndPoint","result":{"duration":1381700,"status":"passed"},"match":{"location":"karate","arguments":[]},"keyword":"*","line":10}]},{"start_timestamp":"2024-07-03T13:08:00.332Z","line":23,"name":"Take value from simulator and complete the course","description":"","id":"take-value-from-simulator-and-complete-the-course","type":"scenario","keyword":"Scenario Outline","steps":[{"name":"path '\/op_lis_endpoint'","result":{"duration":626699,"status":"passed"},"match":{"location":"karate","arguments":[]},"keyword":"Given","line":14},{"name":"def payload = read('XMLRepo\/Payload.xml')","result":{"duration":5250700,"status":"passed"},"match":{"location":"karate","arguments":[]},"keyword":"*","line":15},{"name":"set payload \/imsx_POXEnvelopeRequest\/imsx_POXBody\/replaceResultRequest\/resultRecord\/sourcedGUID\/sourcedId = SourceId","result":{"duration":45383100,"status":"passed"},"match":{"location":"karate","arguments":[]},"keyword":"*","line":16},{"name":"print payload","result":{"duration":68429399,"status":"passed"},"match":{"location":"karate","arguments":[]},"keyword":"And","line":17,"doc_string":{"content_type":"","value":"18:38:00.454 [print] <imsx_POXEnvelopeRequest xmlns=\"http:\/\/www.imsglobal.org\/services\/ltiv1p1\/xsd\/imsoms_v1p0\">\r\n  <imsx_POXHeader>\r\n    <imsx_POXRequestHeaderInfo>\r\n      <imsx_version>V1.0<\/imsx_version>\r\n      <imsx_messageIdentifier>5eb98ff010e35<\/imsx_messageIdentifier>\r\n    <\/imsx_POXRequestHeaderInfo>\r\n  <\/imsx_POXHeader>\r\n  <imsx_POXBody>\r\n    <replaceResultRequest>\r\n      <resultRecord>\r\n        <sourcedGUID>\r\n          <sourcedId>CA4041EE-FB31-EF11-86C3-6045BD36C0E1|precourse-self-assessment|1717200000000|253402300738999<\/sourcedId>\r\n        <\/sourcedGUID>\r\n        <result>\r\n          <resultScore>\r\n            <language>en-US<\/language>\r\n            <textString>1<\/textString>\r\n          <\/resultScore>\r\n        <\/result>\r\n      <\/resultRecord>\r\n    <\/replaceResultRequest>\r\n  <\/imsx_POXBody>\r\n<\/imsx_POXEnvelopeRequest>\r\n \n","line":17}},{"name":"request payload","result":{"duration":536800,"status":"passed"},"match":{"location":"karate","arguments":[]},"keyword":"And","line":18},{"name":"method POST","result":{"duration":7512745800,"status":"passed"},"match":{"location":"karate","arguments":[]},"keyword":"When","line":19,"doc_string":{"content_type":"","value":"18:38:00.797 request:\n1 > POST https:\/\/cs3n-test.contentservice.net\/op_lis_endpoint\n1 > Content-Type: application\/xml; charset=UTF-8\n1 > Accept: application\/xml\n1 > Content-Length: 641\n1 > Host: cs3n-test.contentservice.net\n1 > Connection: Keep-Alive\n1 > User-Agent: Apache-HttpClient\/4.5.13 (Java\/21.0.2)\n1 > Accept-Encoding: gzip,deflate\n<imsx_POXEnvelopeRequest xmlns=\"http:\/\/www.imsglobal.org\/services\/ltiv1p1\/xsd\/imsoms_v1p0\"><imsx_POXHeader><imsx_POXRequestHeaderInfo><imsx_version>V1.0<\/imsx_version><imsx_messageIdentifier>5eb98ff010e35<\/imsx_messageIdentifier><\/imsx_POXRequestHeaderInfo><\/imsx_POXHeader><imsx_POXBody><replaceResultRequest><resultRecord><sourcedGUID><sourcedId>CA4041EE-FB31-EF11-86C3-6045BD36C0E1|precourse-self-assessment|1717200000000|253402300738999<\/sourcedId><\/sourcedGUID><result><resultScore><language>en-US<\/language><textString>1<\/textString><\/resultScore><\/result><\/resultRecord><\/replaceResultRequest><\/imsx_POXBody><\/imsx_POXEnvelopeRequest>\n\n18:38:07.968 response time in milliseconds: 7171\n1 < 200\n1 < Date: Wed, 03 Jul 2024 13:08:07 GMT\n1 < Content-Length: 896\n1 < Connection: keep-alive\n1 < X-Request-Id: 286be45a7c0a11e18cfec4937ad8e4c7\n1 < Cache-Control: private, no-cache, no-store, must-revalidate\n1 < Expires: -1\n1 < Pragma: no-cache\n1 < X-Content-Type-Options: nosniff\n1 < X-XSS-Protection: 1\n1 < Origin-Agent-Cluster: ?0\n1 < Cross-Origin-Opener-Policy: *\n1 < Strict-Transport-Security: max-age=31536000; includeSubDomains\n\n\n","line":19}},{"name":"status 200","result":{"duration":15001,"status":"passed"},"match":{"location":"karate","arguments":[]},"keyword":"Then","line":20},{"name":"print response","result":{"duration":3597300,"status":"passed"},"match":{"location":"karate","arguments":[]},"keyword":"Then","line":21,"doc_string":{"content_type":"","value":"18:38:07.975 [print] <imsx_POXEnvelopeResponse xmlns=\"http:\/\/www.imsglobal.org\/services\/ltiv1p1\/xsd\/imsoms_v1p0\">\r\n  <imsx_POXHeader>\r\n    <imsx_POXResponseHeaderInfo>\r\n      <imsx_version>V1.0<\/imsx_version>\r\n      <imsx_messageIdentifier>5eb98ff010e35<\/imsx_messageIdentifier>\r\n      <imsx_statusInfo>\r\n        <imsx_codeMajor>success<\/imsx_codeMajor>\r\n        <imsx_severity>status<\/imsx_severity>\r\n        ';\r\n        <imsx_description\/>\r\n        <imsx_messageRefIdentifier\/>\r\n      <\/imsx_statusInfo>\r\n    <\/imsx_POXResponseHeaderInfo>\r\n  <\/imsx_POXHeader>\r\n  <imsx_POXBody>\r\n    <replaceResultResponse\/>\r\n  <\/imsx_POXBody>\r\n<\/imsx_POXEnvelopeResponse>\r\n \n","line":21}}],"tags":[{"name":"@dynamicidOutline","line":12},{"name":"@dynamicSoureCourseCompletion1","line":1}]}],"name":"features\/parallelTest.feature","description":"Title of your feature\nI want to use this template for my feature file","id":"title-of-your-feature","keyword":"Feature","uri":"features\/parallelTest.feature","tags":[{"name":"@dynamicSoureCourseCompletion1","line":1}]}]